<?xml version="1.0" encoding="UTF-8"?>
<modification>
	<name><![CDATA[Product View only logged]]></name>
	<code>product_view_only_logged</code>
	<version>1.0</version>
	<author>REDS</author>
	<link>https://www.agenciaprai.com</link>

	<file path="catalog/controller/product/product.php">
		<operation>
			<search><![CDATA[$data['breadcrumbs'] = array();]]></search>
			<add position="before"><![CDATA[
				if(!$this->customer->isLogged() && $this->config->get('module_product_view_only_logged_status')) {

					$this->session->data['login_required'] =  $this->language->get('text_login_required');
					$this->response->redirect($this->url->link('account/login'));
				}
			]]></add>
		</operation>
	</file>
	<file path="catalog/controller/product/category.php">
		<operation>
			<search><![CDATA[$this->load->language('product/category');]]></search>
			<add position="after"><![CDATA[
				if(!$this->customer->isLogged() && $this->config->get('module_product_view_only_logged2_status')) {

					$this->session->data['login_required'] =  $this->language->get('text_login_required');
					$this->response->redirect($this->url->link('account/login'));
				}
			]]></add>
		</operation>
	</file>
	<file path="catalog/controller/account/login.php">
		<operation>
			<search><![CDATA[if (isset($this->request->post['email'])) {]]></search>
			<add position="before"><![CDATA[
					if (isset($this->session->data['login_required'])) {
						$data['error_warning'] = $this->session->data['login_required'];

						unset($this->session->data['login_required']);
					} else {
						$data['error_warning'] = '';
					}
				]]></add>
		</operation>
	</file>

	<file path="catalog/language/en-gb/product/{product,category}.php">
		<operation>
			<search><![CDATA[// Text]]></search>
			<add position="after"><![CDATA[
				$_['text_login_required']      = 'Login required to view!';
			]]></add>
		</operation>
	</file>
	<file path="catalog/language/pt-br/product/{product,category}.php">
		<operation>
			<search><![CDATA[// Text]]></search>
			<add position="after"><![CDATA[
				$_['text_login_required']      = 'Faça login para ver!';
			]]></add>
		</operation>
	</file>
</modification>